sequence_id,sequence,z_0,z_1,z_2,z_3,z_4,z_5,z_6,z_7,activity,toxicity,hemolytic,source
AMP001,KWKLFKKIEKVGQNIRDGIIKAGPAVAVVGQATQIAK,-0.234,1.456,-0.789,0.123,-0.567,0.891,-0.345,0.678,0.89,0.12,0.05,Magainin-2
AMP002,GIGKFLHSAKKFGKAFVGEIMNS,-0.456,1.234,0.567,-0.890,0.234,-0.678,0.456,-0.123,0.92,0.08,0.03,Melittin
AMP003,RLCRIVVIRVCR,-0.678,0.987,-0.345,0.567,-0.234,0.789,-0.567,0.345,0.85,0.25,0.15,Defensin
AMP004,KWKLFKKIGIGAVLKVLTTGLPALIS,0.123,-0.456,0.789,-0.234,0.567,-0.890,0.234,-0.678,0.78,0.18,0.08,Cecropin-A
AMP005,FVQWFSKFLGRIL,-0.890,0.345,-0.567,0.789,-0.123,0.456,-0.890,0.234,0.95,0.05,0.02,Indolicidin
AMP006,GLFDIVKKVVGALGSL,0.234,-0.789,0.456,-0.567,0.890,-0.234,0.567,-0.890,0.72,0.22,0.12,Dermaseptin
AMP007,KWKLFKKIGIGKFLHSAK,-0.567,0.890,-0.234,0.345,-0.678,0.123,-0.456,0.789,0.88,0.10,0.04,Hybrid-1
AMP008,RRIRPRPPRLPRPRPRPLPFPRP,0.456,-0.345,0.890,-0.678,0.234,-0.567,0.890,-0.234,0.65,0.35,0.25,PR-39
AMP009,GWGSFFKKAAHVGKHVGKAALTHYL,-0.123,0.678,-0.890,0.234,-0.789,0.345,-0.123,0.567,0.82,0.15,0.07,Clavanin
AMP010,ILPWKWPWWPWRR,0.789,-0.234,0.345,-0.890,0.567,-0.123,0.678,-0.456,0.91,0.09,0.03,Tritrpticin
AMP011,KWKLAKKIGKEFKRIVQRIKDFLR,-0.345,0.567,-0.678,0.123,-0.456,0.890,-0.234,0.345,0.87,0.11,0.05,LL-37
AMP012,GFGCNGPWDEDDMQCHNHCKSIKGYKGG,0.567,-0.890,0.234,-0.345,0.678,-0.456,0.123,-0.789,0.76,0.20,0.10,Protegrin
AMP013,RWKIFKKIEKVGRNVRDGLIKAGPAIAVIGQAKSLAK,-0.789,0.123,-0.456,0.890,-0.234,0.567,-0.890,0.123,0.90,0.07,0.03,PGLa
AMP014,VGALAVVVWLWLWLW,0.890,-0.567,0.678,-0.123,0.345,-0.890,0.456,-0.567,0.68,0.28,0.18,Gramicidin
AMP015,GLFGAIAGFIKNGWKGMIDGGGYC,-0.234,0.456,-0.123,0.567,-0.890,0.234,-0.678,0.890,0.83,0.14,0.06,Temporin
AMP016,KWKKFKKGIGAVLKVLTTGLPALKLTK,0.345,-0.678,0.890,-0.456,0.123,-0.345,0.789,-0.234,0.79,0.17,0.09,Cecropin-B
AMP017,FLPLIGRVLSGIL,-0.567,0.234,-0.789,0.678,-0.345,0.890,-0.123,0.456,0.94,0.06,0.02,Buforin
AMP018,KFFKKLKKAVKKGFKKFAKV,0.678,-0.890,0.345,-0.789,0.456,-0.234,0.567,-0.890,0.86,0.12,0.04,Pleurocidin
AMP019,ILGPVLGLVSDTLDDVLGIL,-0.890,0.567,-0.234,0.890,-0.567,0.123,-0.456,0.678,0.71,0.24,0.14,Brevinin
AMP020,RRWCFRVCYRGFCYRKCR,0.123,-0.345,0.678,-0.234,0.890,-0.678,0.345,-0.123,0.93,0.08,0.03,Lactoferricin
