sequence,length,mic_pred,mic_ug_ml,pathogen_score,toxicity_pred,stability_score,confidence,net_charge,hydrophobicity,cationic_ratio
GPGKFLHSAKKFGKAFVGERMNQ,23,0.4238,2.6534,0.8127,0.0,0.9783,Medium,4.5,-0.691,0.261
HPGKFVHSKIEKVVNRVSK,19,0.653,4.4982,0.7987,0.0,1.0,Medium,5.0,-0.684,0.368
RLAKFLHSAKKFGKAFVGERMNQ,23,0.7079,5.1034,0.5341,0.0,0.9783,Medium,5.5,-0.539,0.304
KWKIFKAKKFKKIEKVGQNIRDGIIKAGPAVAV,33,0.7502,5.626,0.262,0.2206,0.937,Medium,8,-0.285,0.303
KWKLFKKIEKVGQNIRDGIIKAGPAVAVVGQATQIAK,37,0.814,6.5157,0.1814,0.2941,0.8573,Medium,6,-0.073,0.216
KWKLFKKIEKVGQNIRDGIIKAGPAVAVVGQATQIAK,37,0.814,6.5157,0.1814,0.2941,0.8573,Medium,6,-0.073,0.216
KWKLFKKIEKVGQNIRDGIIKAGPAVAVVGQATQIAK,37,0.814,6.5157,0.1814,0.2941,0.8573,Medium,6,-0.073,0.216
GPGKFLHSAKKFKKIEKVGQNIRDGIIKAGPAVAV,35,0.8209,6.621,0.2534,0.2,0.8971,Medium,6.5,-0.223,0.257
KWKLFKKIEKVGQNIRDGIINIRDGIIKAGPAVAV,35,0.8269,6.7133,0.0965,0.2571,0.8943,Medium,5,-0.04,0.229
GIGKFAHSAKKFGKAFVGEICNS,23,0.8476,7.0403,0.1046,0.0,0.987,Medium,3.5,0.022,0.217
GIGKFAHSAKKFGKAFVGEICNS,23,0.8476,7.0403,0.1046,0.0,0.987,Medium,3.5,0.022,0.217
RLARIVVNRVGPAVAVVGQATQIAK,25,0.8567,7.19,0.0,0.0,1.0,Medium,4,0.64,0.16
