rank,position,sequence,stability,conservation,gc_content,tm,is_specific,combined_score
1,10515,ACTTTCGTCGCAGGCAGACC,0.9994,0.2000,0.600,55.9,False,0.1999
2,9575,GGAGGACGTTTGTCACTGGC,0.9990,0.2000,0.600,55.9,False,0.1998
3,8655,ACAGTGGCCCTCTGAAAGCG,0.9989,0.2000,0.600,55.9,False,0.1998
4,9020,GTACCCACCCATTCTGCTCG,0.9988,0.2000,0.600,55.9,False,0.1998
5,6250,GCCAAAGAGATGTCCGGTGC,0.9987,0.2000,0.600,55.9,False,0.1997
6,10125,GCGTGTGGCATCTTACCTCC,0.9987,0.2000,0.600,55.9,False,0.1997
7,8740,TTTATGGTAGCGGTGCGCGC,0.9986,0.2000,0.600,55.9,False,0.1997
8,3980,TGCGCGAACTGACGTACCTC,0.9985,0.2000,0.600,55.9,False,0.1997
9,4295,TGGCGCAATGCAAAGCGGAG,0.9985,0.2000,0.600,55.9,False,0.1997
10,3785,GGTTCTACGTACCTTGCCCG,0.9983,0.2000,0.600,55.9,False,0.1997
