hla_type,epitope_count
A2,219
B7,144
A*11,117
A*02:01,102
B*57,100
A3,98
B*53:01,79
B*35,73
B*35:02,69
B*35:03,69
B*07:02,67
B8,66
B*27,65
B*35:01,65
A*24,64
B*58:01,62
B*18,60
A*11:01,59
B*81,52
B*51,52
A*30,50
A*29,50
B*40,48
B*42:01,48
A*68:02,44
C*14,43
B*44,41
B*58,41
A*03:01,40
B*08:01,40
B*42,38
B*15,38
B*57:01,37
B*15:03,35
B*27:05,34
A*24:02,34
B*14,32
C*12,31
B*57:03,31
B*53,29
B*63,26
B*15:01,26
A*30:02,24
A*23,24
B*62,23
C*08,23
A*2 SUPERTYPE,23
B*40:02,22
C*12:02,22
B*13,22
B*52,21
H-2<SUP>D</SUP>,21
A*68,20
C*01,20
A*32,20
B*35:08,20
B*42:02,19
C*03,19
A*3 SUPERTYPE,19
B*39,19
B*7 SUPERTYPE,19
B*18:01,19
C*04,18
B*44:03,18
C*06,17
B*51:01,17
C*07,17
A*01,17
A*34,17
A*02:05,16
B*15:10,16
A1,15
B*60,15
A*33,15
B*81:01,15
A*68:01,15
A*31,14
C*02,14
B*15:17,14
B*57:02,14
B*67:01,14
CW8,14
H-2D<SUP>D</SUP>,14
B*52:01,14
B*27:02,13
B*55,13
C*03:04,13
A*25,13
C*07:02,13
C*16,12
B*49,12
C*18,11
A*01:01,11
A*33:03,11
B*45,11
A*26,11
C*01:02,11
H-2K<SUP>D</SUP>,11
B*44:02,11
A*74:01,10
B*40:01,10
C*17,10
C*06:02,9
A*02:06,9
A*66,9
CW3,9
B*45:01,9
CW7,9
A*31:01,9
B*82,8
A*30:01,8
CW4,8
A*23:01,8
A*29:02,8
A*25:01,8
C*08:02,8
B*38,8
B*14:02,8
B*38:01,8
B*15:40,7
B*61,7
B*13:02,7
A*26:01,7
C*07:01,7
B*15:02,7
C*05,7
B*54:01,7
A*69,6
B*40:06,6
B*58:02,6
B*15:16,6
C*04:01,6
H-2D,6
C*15,6
A*36,6
B*78,6
A*02:02,5
B*48:01,5
E*01:03,5
B*39:10,5
B*39:01,5
B*70,5
B*15:24,5
A*74,4
H-2L<SUP>D</SUP>,4
B*73,4
C*18:01,4
B*14:01,4
A*28,4
A*32:01,4
A*80,4
E*01:01,3
A*26:03,3
C*03:03,3
C*08:01,3
B*56,3
B*37,3
B*17,3
B*49:01,2
C*08:04,2
A*11:03,2
B*68,2
B*44:15,2
MAMU-A1,2
A*26:02,2
CW1,2
B*27:03,2
CW5,2
B*50:01,2
B*41,2
CW6,2
C*12:03,2
A*03 SUPERTYPE,2
B*54,2
C*02:02,2
C*05:01,2
A*80:01,2
B*50,2
A*02:14,1
C*14:02,1
C*14:03,1
PATR-B2,1
A*26:38,1
CW2,1
H-2<SUP>KD</SUP>,1
B*35:05,1
PATR-B3,1
A*02:07,1
B*14:03,1
H-2D<SUP>B</SUP>,1
A*19,1
A*28 SUPERTYPE,1
H-2K<SUP>K</SUP>,1
A*02:17,1
B*73:01,1
C*15:05,1
B*07:05,1
A*33:01,1
C*17:01,1
B*55:01,1
A*68 SUPERTYPE,1
H-2<SUP>D17</SUP>,1
H-2<SUP>P</SUP>,1
H-2<SUP>U</SUP>,1
H*2-D<SUP>D</SUP>,1
PATR-B14,1
C*04:07,1
DR4,1
A*11.1,1
H-2<SUP>B</SUP>,1
B*44 SUPERTYPE,1
B*37:01,1
A*24:01,1
A*01:23,1
