Antibody,n_tested,n_neutralized,breadth_pct,is_bnab,bnab_class
m66.6,335,335,100.0,False,Other
m66 Y100e(HC)W,47,47,100.0,False,Other
m66 S31(LC)K,40,40,100.0,False,Other
m66 S28(LC)H-G30(LC)K-S31(LC)K,47,47,100.0,False,Other
m66 S28(LC)H-G30(LC)K,40,40,100.0,False,Other
m66 S28(LC)H,40,40,100.0,False,Other
m66 G30(LC)K,47,47,100.0,False,Other
10-410,10,10,100.0,False,Other
10-303,10,10,100.0,False,Other
10-259,10,10,100.0,False,Other
10-1369,10,10,100.0,False,Other
10-1341,10,10,100.0,False,Other
10-1146,10,10,100.0,False,Other
10-1130,10,10,100.0,False,Other
10-1121,10,10,100.0,False,Other
10-1074V,200,200,100.0,False,Other
10-1074GM,26,26,100.0,False,Other
10-1074-y4,14,14,100.0,False,Other
10-1074-y3,14,14,100.0,False,Other
10-1074-y2,14,14,100.0,False,Other
10-1074-y1,14,14,100.0,False,Other
10-1074-v15,14,14,100.0,False,Other
10-1074-v1,14,14,100.0,False,Other
10E8+PG9+VRC07,125,125,100.0,False,Other
10E8+PG9+PGT128+VRC07,125,125,100.0,False,Other
10E8+PG9+PGT128,125,125,100.0,False,Other
10E8+PG9,250,250,100.0,False,Other
10E8+3BNC117+PG9,125,125,100.0,False,Other
10E8+3BNC117,125,125,100.0,False,Other
10E8+2F5,20,20,100.0,False,Other
10E8 IgG mutant 3,108,108,100.0,False,Other
10E8 IgG mutant 1,108,108,100.0,False,Other
10E8,4116,4116,100.0,True,MPER
10A3,22,22,100.0,False,Other
10-996,239,239,100.0,False,Other
10-847,10,10,100.0,False,Other
10E8-2fH/4fL,21,21,100.0,False,Other
10E8-2fH/10fL,21,21,100.0,False,Other
10E8-2fH/0fL,21,21,100.0,False,Other
10E8-19fH/16fL,21,21,100.0,False,Other
10E8-19fH/10fL,21,21,100.0,False,Other
10E8-10fH/4fL,21,21,100.0,False,Other
10E8-10fH/16fL,21,21,100.0,False,Other
10E8-10fH/10fL,21,21,100.0,False,Other
10E8-0fH/4fL,21,21,100.0,False,Other
10E8-0fH/0fL,21,21,100.0,False,Other
10E8+b12,20,20,100.0,False,Other
10E8+VRC07,125,125,100.0,False,Other
10E8+VRC01,19,19,100.0,False,Other
10E8+PGT128+VRC07,125,125,100.0,False,Other
10E8+PGT128,125,125,100.0,False,Other
10E8+PGDM1400+PGT121,18,18,100.0,False,Other
10E8V2.0/iMab,177,177,100.0,False,Other
10E8V1.1/P140,118,118,100.0,False,Other
10E8/PGT121/PGDM1400.V8LL,12,12,100.0,False,Other
10E8/PGT121/PGDM1400.V8Fc,27,27,100.0,False,Other
10E8/PGT121/PGDM1400.V8.4DS,9,9,100.0,False,Other
10E8/PGT121/PGDM1400.V8,171,171,100.0,False,Other
10E8/PGT121/PGDM1400.V7,28,28,100.0,False,Other
10E8/PGT121/PGDM1400.V6,28,28,100.0,False,Other
10E8/PGT121/PGDM1400.V5,28,28,100.0,False,Other
10E8/PGT121/PGDM1400.V4,28,28,100.0,False,Other
10E8/PGT121/PGDM1400.V3,28,28,100.0,False,Other
10E8/PGT121/PGDM1400.V2,28,28,100.0,False,Other
10E8/PGT121/PGDM1400.V1,28,28,100.0,False,Other
10E8/PGDM1400/PRO-140,105,105,100.0,False,Other
10E8/N6,108,108,100.0,False,Other
10E8-3R,17,17,100.0,False,Other
13I10,8,8,100.0,False,Other
1361,41,41,100.0,False,Other
12A12,550,550,100.0,False,Other
11F1F,60,60,100.0,False,Other
10M6,8,8,100.0,False,Other
10J4,8,8,100.0,False,Other
10E8v4-scFv,45,45,100.0,False,Other
10E8v4-DS,9,9,100.0,False,Other
10E8v4-5R-100cF+N6,208,208,100.0,False,Other
10E8v4-5R-100cF,208,208,100.0,False,Other
10E8v4+PGDM1400+iMab,14,14,100.0,False,Other
10E8v4+N49P7+PGDM1400,143,143,100.0,False,Other
10E8v4,756,756,100.0,False,Other
1H9,26,26,100.0,False,Other
1F7,142,142,100.0,False,Other
1F10,26,26,100.0,False,Other
1E2,26,26,100.0,False,Other
1E1,26,26,100.0,False,Other
1C2-llama,26,26,100.0,False,Other
1B2530,303,303,100.0,False,Other
19b,7,7,100.0,False,Other
179NC75,328,328,100.0,False,Other
15e,111,111,100.0,False,Other
m66,211,211,100.0,False,Other
iMab/D5_AR,145,145,100.0,False,Other
iMab-N6,21,21,100.0,False,Other
iMab-CAP256,20,20,100.0,False,Other
gVRC-H1dC38/VRC01L,153,153,100.0,False,Other
eCD4-Ig,27,27,100.0,False,Other
bi-2H10,15,15,100.0,False,Other
bNAb4251,20,20,100.0,False,Other
bNAb2101,20,20,100.0,False,Other
bNAb1586,20,20,100.0,False,Other
b6,163,163,100.0,False,Other
b13,196,196,100.0,False,Other
Z13e1,355,355,100.0,False,Other
Z13,68,68,100.0,False,Other
2909,12,12,100.0,False,Other
25C4b,61,61,100.0,False,Other
2558,121,121,100.0,False,Other
2557,138,138,100.0,False,Other
246-D,2,2,100.0,False,Other
2413c,208,208,100.0,False,Other
2413b,208,208,100.0,False,Other
2413a,208,208,100.0,False,Other
2411a,208,208,100.0,False,Other
2408c.3,208,208,100.0,False,Other
2408b,208,208,100.0,False,Other
2219,253,253,100.0,False,Other
2191,212,212,100.0,False,Other
1NC9,76,76,100.0,False,Other
35O22+PGT128,20,20,100.0,False,Other
3019,21,21,100.0,False,Other
2N5,8,8,100.0,False,Other
2H10,33,33,100.0,False,Other
2G12-Williams,131,131,100.0,False,Other
2F5+8ANC195,20,20,100.0,False,Other
2E7,41,41,100.0,False,Other
2D4,26,26,100.0,False,Other
Y498,70,70,100.0,False,Other
X5,21,21,100.0,False,Other
VRC46.01,238,238,100.0,False,Other
VRC44.02,246,246,100.0,False,Other
VRC44.01,246,246,100.0,False,Other
VRC43.03,30,30,100.0,False,Other
VRC43.02,30,30,100.0,False,Other
VRC43.01,238,238,100.0,False,Other
VRC42.N1,208,208,100.0,False,Other
VRC42.I3,208,208,100.0,False,Other
VRC42.05,30,30,100.0,False,Other
VRC42.04,30,30,100.0,False,Other
VRC42.03,30,30,100.0,False,Other
VRC42.02,238,238,100.0,False,Other
VRC42.01,238,238,100.0,False,Other
VRC41.02,34,34,100.0,False,Other
3BNC117/10-1074,127,127,100.0,False,Other
3BNC117-scFv,45,45,100.0,False,Other
3BNC117-LS,240,240,100.0,False,Other
3BNC117-IgG3C-,119,119,100.0,False,Other
3BNC117+PG9,125,125,100.0,False,Other
3BNC117+561_01_18,13,13,100.0,False,Other
3906,21,21,100.0,False,Other
3904,21,21,100.0,False,Other
3881,21,21,100.0,False,Other
3869,191,191,100.0,False,Other
3791,22,22,100.0,False,Other
3694,21,21,100.0,False,Other
35O22+PGT151,20,20,100.0,False,Other
438-D6,12,12,100.0,False,Other
438-D5,14,14,100.0,False,Other
438-B11,143,143,100.0,False,Other
4210,21,21,100.0,False,Other
4139,21,21,100.0,False,Other
412d,7,7,100.0,False,Other
4121,21,21,100.0,False,Other
4025,21,21,100.0,False,Other
4022,21,21,100.0,False,Other
3E3,86,86,100.0,False,Other
3BNC62,15,15,100.0,False,Other
3BNC60,66,66,100.0,False,Other
3BNC55,248,248,100.0,False,Other
3BNC117_FR3-03,208,208,100.0,False,Other
3BNC117/PGT135-IgG3C-,164,164,100.0,False,Other
3BNC117/10-1074-IgG3C-,120,120,100.0,False,Other
561_01_18,620,620,100.0,False,Other
4O20,8,8,100.0,False,Other
4E10-3R,6,6,100.0,False,Other
4E10,3579,3579,100.0,True,MPER
48d,259,259,100.0,False,Other
4508,21,21,100.0,False,Other
45-46m7,149,149,100.0,False,Other
45-46m28,134,134,100.0,False,Other
45-46m25,134,134,100.0,False,Other
45-46m2,149,149,100.0,False,Other
4490,21,21,100.0,False,Other
4487,21,21,100.0,False,Other
438-F11,12,12,100.0,False,Other
8ANC195,903,903,100.0,True,interface
8ANC134,188,188,100.0,False,Other
8ANC131,719,719,100.0,False,Other
830A,88,88,100.0,False,Other
7K3,8,8,100.0,False,Other
7H6,138,138,100.0,False,Other
7B9,8,8,100.0,False,Other
7-269,56,56,100.0,False,Other
561_02_12,222,222,100.0,False,Other
561_01_55,137,137,100.0,False,Other
ACS101,164,164,100.0,False,Other
A16,140,140,100.0,False,Other
A14,61,61,100.0,False,Other
A12-IgG2a,209,209,100.0,False,Other
A10,16,16,100.0,False,Other
8ANC195/PGT128-IgG3C-,116,116,100.0,False,Other
8ANC195-scFv,45,45,100.0,False,Other
8ANC195-IgG3C-,116,116,100.0,False,Other
8ANC195+b12,20,20,100.0,False,Other
VRC41.01,146,146,100.0,False,Other
VRC40.02,208,208,100.0,False,Other
VRC40.01,208,208,100.0,False,Other
VRC38.14,31,31,100.0,False,Other
VRC38.13,31,31,100.0,False,Other
VRC38.12,31,31,100.0,False,Other
VRC38.11,31,31,100.0,False,Other
VRC38.10,31,31,100.0,False,Other
VRC38.09,31,31,100.0,False,Other
VRC38.08,30,30,100.0,False,Other
VRC38.07,31,31,100.0,False,Other
VRC38.06,31,31,100.0,False,Other
VRC38.05,31,31,100.0,False,Other
VRC38.04,31,31,100.0,False,Other
VRC38.03,31,31,100.0,False,Other
VRC38.02,31,31,100.0,False,Other
AIIMS-P01,130,130,100.0,False,Other
AIIMS-44m,63,63,100.0,False,Other
ACS202,377,377,100.0,False,Other
ACS130,124,124,100.0,False,Other
ACS125,124,124,100.0,False,Other
ACS122,124,124,100.0,False,Other
ACS117,124,124,100.0,False,Other
ACS114,124,124,100.0,False,Other
BG24-CDR2-v2,128,128,100.0,False,Other
BG24-CDR2-v1,128,128,100.0,False,Other
BG18,346,346,100.0,False,Other
BG1+BG18+NC37,119,119,100.0,False,Other
BG1,151,151,100.0,False,Other
BF8,14,14,100.0,False,Other
BF520.1-A52N(HC),13,13,100.0,False,Other
BF520.1,81,81,100.0,False,Other
BE7,14,14,100.0,False,Other
BE10,14,14,100.0,False,Other
B9,61,61,100.0,False,Other
B21,61,61,100.0,False,Other
Ab1485,42,42,100.0,False,Other
BG505.48,6,6,100.0,False,Other
BG505.46,6,6,100.0,False,Other
BG505.42,6,6,100.0,False,Other
BG505.36,6,6,100.0,False,Other
BG505.34,6,6,100.0,False,Other
BG505.25,6,6,100.0,False,Other
BG505.23,6,6,100.0,False,Other
BG505.13,6,6,100.0,False,Other
BG5,15,15,100.0,False,Other
BG38,20,20,100.0,False,Other
BG33,15,15,100.0,False,Other
BG24-Y100DW,126,126,100.0,False,Other
BG24-G54W,128,128,100.0,False,Other
VRC34YD.07,22,22,100.0,False,Other
VRC34YD.06,22,22,100.0,False,Other
VRC34YD.05,22,22,100.0,False,Other
VRC34YD.04,22,22,100.0,False,Other
VRC34YD.03,22,22,100.0,False,Other
VRC34YD.02,22,22,100.0,False,Other
VRC34YD.01,22,22,100.0,False,Other
VRC34.07,22,22,100.0,False,Other
VRC34.06,22,22,100.0,False,Other
VRC34.05,241,241,100.0,False,Other
VRC34.04,22,22,100.0,False,Other
VRC34.03,22,22,100.0,False,Other
VRC34.02,22,22,100.0,False,Other
Bess1,106,106,100.0,False,Other
BISC-2C,9,9,100.0,False,Other
BISC-2B,9,9,100.0,False,Other
BISC-2A,9,9,100.0,False,Other
BISC-1C,15,15,100.0,False,Other
BISC-1B,15,15,100.0,False,Other
BISC-1A,15,15,100.0,False,Other
BG8,117,117,100.0,False,Other
BG505.69,6,6,100.0,False,Other
BG505.68,6,6,100.0,False,Other
BG505.63,6,6,100.0,False,Other
BG505.61,6,6,100.0,False,Other
BG505.57,6,6,100.0,False,Other
BG505.56,6,6,100.0,False,Other
BG505.50,6,6,100.0,False,Other
BG505.49,6,6,100.0,False,Other
CAP256L-G36x3LS,80,80,100.0,False,Other
CAP256.J3LS,308,308,100.0,False,Other
CAP248-2B,85,85,100.0,False,Other
CAP228-3D,14,14,100.0,False,Other
CAP228-19F,12,12,100.0,False,Other
CAP228-16H,12,12,100.0,False,Other
C8-IgG2a,209,209,100.0,False,Other
C8,89,89,100.0,False,Other
BiIA-SG,129,129,100.0,False,Other
BiIA-DG,40,40,100.0,False,Other
Bi-ScFv,208,208,100.0,False,Other
Bi-NAb,208,208,100.0,False,Other
Bess4,106,106,100.0,False,Other
Bess2,106,106,100.0,False,Other
CH103 IA3,22,22,100.0,False,Other
CH103 IA2,22,22,100.0,False,Other
CH103 IA1,22,22,100.0,False,Other
CH103,1004,1004,100.0,False,Other
CH03,205,205,100.0,False,Other
CH01_UA3,6,6,100.0,False,Other
CH01+VRC-CH31,213,213,100.0,False,Other
CH01,879,879,100.0,False,Other
CD4-Ig-rhesus,43,43,100.0,False,Other
CD4-Ig,966,966,100.0,False,Other
CAP257-RH1,196,196,100.0,False,Other
CAP256V2LS-J3-3,208,208,100.0,False,Other
CAP256V2LS,341,341,100.0,False,Other
CAP256L-R27x3LS,80,80,100.0,False,Other
CH235-W55G(HC),13,13,100.0,False,Other
CH235-T19K(HC),16,16,100.0,False,Other
CH235-R57S(HC),13,13,100.0,False,Other
CH235-Q46E(HC),13,13,100.0,False,Other
CH235-Q23K(HC),13,13,100.0,False,Other
CH235-L47W(HC),13,13,100.0,False,Other
CH235,288,288,100.0,False,Other
CH18,48,48,100.0,False,Other
CH17,48,48,100.0,False,Other
CH16,48,48,100.0,False,Other
CH14,52,52,100.0,False,Other
CH13,37,37,100.0,False,Other
CH12,238,238,100.0,False,Other
CH106,34,34,100.0,False,Other
CH105,8,8,100.0,False,Other
CH104,8,8,100.0,False,Other
D7,272,272,100.0,False,Other
D5_FI,22,22,100.0,False,Other
D5_AR/P140,145,145,100.0,False,Other
CH98,42,42,100.0,False,Other
CH59,10,10,100.0,False,Other
CH48,52,52,100.0,False,Other
CH45,48,48,100.0,False,Other
CH44,48,48,100.0,False,Other
CH28,48,48,100.0,False,Other
CH27,52,52,100.0,False,Other
CH235.9,199,199,100.0,False,Other
CH235.12,875,875,100.0,False,Other
DH270 IA3,34,34,100.0,False,Other
DH270 IA2,45,45,100.0,False,Other
DH270 IA1,34,34,100.0,False,Other
DH1346,5,5,100.0,False,Other
DH1322.1,5,5,100.0,False,Other
DH1318.2,5,5,100.0,False,Other
DH1317.9,137,137,100.0,False,Other
DH1317.8,5,5,100.0,False,Other
DH1317.4,195,195,100.0,False,Other
DH1003.3,11,11,100.0,False,Other
DH1003.2,11,11,100.0,False,Other
DH1003.1,11,11,100.0,False,Other
DFPH-a.03,209,209,100.0,False,Other
DFPH-a.01,209,209,100.0,False,Other
DF1W-a.02,209,209,100.0,False,Other
DH511.12P,217,217,100.0,False,Other
DH511.11P,265,265,100.0,False,Other
DH511.1,43,43,100.0,False,Other
DH475,31,31,100.0,False,Other
DH272,31,31,100.0,False,Other
DH270min12,209,209,100.0,False,Other
DH270min11,212,212,100.0,False,Other
DH270min1,209,209,100.0,False,Other
DH270.6,431,431,100.0,False,Other
DH270.5,422,422,100.0,False,Other
DH270.4,55,55,100.0,False,Other
DH270.3,34,34,100.0,False,Other
DH270.2,38,38,100.0,False,Other
DH270.1,436,436,100.0,False,Other
DH270 UCA,31,31,100.0,False,Other
DH270 IA4,34,34,100.0,False,Other
DH576,9,9,100.0,False,Other
DH563,30,30,100.0,False,Other
DH517,34,34,100.0,False,Other
DH511_UCA,12,12,100.0,False,Other
DH511_I6,12,12,100.0,False,Other
DH511_I5,12,12,100.0,False,Other
DH511_I4,12,12,100.0,False,Other
DH511_I3,12,12,100.0,False,Other
DH511_I2,12,12,100.0,False,Other
DH511_I1,12,12,100.0,False,Other
DH511.6,43,43,100.0,False,Other
DH511.5,43,43,100.0,False,Other
DH511.4,43,43,100.0,False,Other
DH511.3,43,43,100.0,False,Other
DH511.2_K3,535,535,100.0,False,Other
DH511.2,1149,1149,100.0,False,Other
DH727.2,320,320,100.0,False,Other
DH717.4,9,9,100.0,False,Other
DH717.3,9,9,100.0,False,Other
DH717.2,9,9,100.0,False,Other
DH717.1,9,9,100.0,False,Other
DH651.9,12,12,100.0,False,Other
DH651.8,12,12,100.0,False,Other
DH651.7,12,12,100.0,False,Other
DH651.6,12,12,100.0,False,Other
DH651.5,12,12,100.0,False,Other
DH651.4,24,24,100.0,False,Other
DH651.3,12,12,100.0,False,Other
DH651.2,24,24,100.0,False,Other
DH651.1,12,12,100.0,False,Other
DH650.8,123,123,100.0,False,Other
DH583,10,10,100.0,False,Other
DRVIA7,85,85,100.0,False,Other
DRVIA6b,8,8,100.0,False,Other
DRVIA4,8,8,100.0,False,Other
DRVIA3,24,24,100.0,False,Other
DRVIA1,8,8,100.0,False,Other
DH851.4,16,16,100.0,False,Other
DH851.3,135,135,100.0,False,Other
DH851.2,135,135,100.0,False,Other
DH851.1,135,135,100.0,False,Other
DH796.1,320,320,100.0,False,Other
DH753,320,320,100.0,False,Other
VRC34-pI4,219,219,100.0,False,Other
VRC34-pI3HCpI2LC,11,11,100.0,False,Other
VRC34-pI3',11,11,100.0,False,Other
VRC34-pI3,219,219,100.0,False,Other
VRC34-pI2',11,11,100.0,False,Other
VRC34-pI2 H33P,11,11,100.0,False,Other
VRC34-pI2,11,11,100.0,False,Other
VRC34-pI1,11,11,100.0,False,Other
VRC34-UCA,218,218,100.0,False,Other
VRC33.01,208,208,100.0,False,Other
VRC29.04,28,28,100.0,False,Other
VRC29.03,236,236,100.0,False,Other
VRC29.02,28,28,100.0,False,Other
VRC29.01,28,28,100.0,False,Other
VRC28.01,31,31,100.0,False,Other
F2,14,14,100.0,False,Other
F105,545,545,100.0,False,Other
ElsE2,106,106,100.0,False,Other
ElsE1,106,106,100.0,False,Other
EPTC112,129,129,100.0,False,Other
EN02_05_B08,339,339,100.0,False,Other
EN02_04_A06,631,631,100.0,False,Other
EN02_01_D03,339,339,100.0,False,Other
EN01_03_A07,12,12,100.0,False,Other
EN01_01_G04,12,12,100.0,False,Other
EN01_01_C10,12,12,100.0,False,Other
EN01_007,277,277,100.0,False,Other
ELC07,103,103,100.0,False,Other
E70,40,40,100.0,False,Other
E51,168,168,100.0,False,Other
DRVIA7H-VRC01L,51,51,100.0,False,Other
HGN194,106,106,100.0,False,Other
HG120,2,2,100.0,False,Other
HG107,2,2,100.0,False,Other
H6,14,14,100.0,False,Other
G36x3-IgG2a,234,234,100.0,False,Other
G36,39,39,100.0,False,Other
FD22,142,142,100.0,False,Other
F8,14,14,100.0,False,Other
F6,37,37,100.0,False,Other
F425 B4e8,23,23,100.0,False,Other
F4,14,14,100.0,False,Other
J033,20,20,100.0,False,Other
J031,20,20,100.0,False,Other
J029,20,20,100.0,False,Other
IA-PGT128,40,40,100.0,False,Other
IA-Hu5A8+IA-PGT128,12,12,100.0,False,Other
IA-Hu5A8,40,40,100.0,False,Other
HJ16+VRC01,20,20,100.0,False,Other
HJ16+PGT128,20,20,100.0,False,Other
VRC27,365,365,100.0,False,Other
VRC26.33,53,53,100.0,False,Other
VRC26.32,53,53,100.0,False,Other
VRC26.31,53,53,100.0,False,Other
VRC26.30,53,53,100.0,False,Other
VRC26.28,53,53,100.0,False,Other
VRC26.26,524,524,100.0,False,Other
VRC26.25.K100mA,208,208,100.0,False,Other
VRC26.25-scFv-Fc,15,15,100.0,False,Other
VRC26.25-scFv,45,45,100.0,False,Other
VRC26.25-LS,192,192,100.0,False,Other
VRC26.25+iMab,14,14,100.0,False,Other
VRC26.25 R97G/D99V/E100bV,16,16,100.0,False,Other
VRC26.25 K100sR,16,16,100.0,False,Other
LJF-0085,84,84,100.0,False,Other
LJF-0034,84,84,100.0,False,Other
LJF-0024,84,84,100.0,False,Other
JM4-IgG3,30,30,100.0,False,Other
JM4-IgG2b,195,195,100.0,False,Other
J3x3-IgG2a,25,25,100.0,False,Other
J3-IgG2a,209,209,100.0,False,Other
J3,395,395,100.0,False,Other
J044,20,20,100.0,False,Other
J040,20,20,100.0,False,Other
J038,228,228,100.0,False,Other
MEL-1872,47,47,100.0,False,Other
MEL-1842,47,47,100.0,False,Other
M4008_N1.3_dIgA2,120,120,100.0,False,Other
M4008_N1,120,120,100.0,False,Other
M36/PRO-140,107,107,100.0,False,Other
M1214_N2.2,120,120,100.0,False,Other
M1214_N2,120,120,100.0,False,Other
M1214_N1.2,120,120,100.0,False,Other
M1214_N1,120,120,100.0,False,Other
LSEVh-LS-F,7,7,100.0,False,Other
LN01,118,118,100.0,False,Other
LM52,133,133,100.0,False,Other
LJF-0142,84,84,100.0,False,Other
LJF-0109,84,84,100.0,False,Other
LJF-0097,84,84,100.0,False,Other
LJF-0087,84,84,100.0,False,Other
N49P9.1,117,117,100.0,False,Other
N49P9,117,117,100.0,False,Other
N49P7.v2,220,220,100.0,False,Other
N49P7.2,117,117,100.0,False,Other
N49P7.1,117,117,100.0,False,Other
N49P7,536,536,100.0,False,Other
N49P6,117,117,100.0,False,Other
N49P23,117,117,100.0,False,Other
N49P22,117,117,100.0,False,Other
N49P19,117,117,100.0,False,Other
N49P18.1,117,117,100.0,False,Other
N49P11,117,117,100.0,False,Other
Minimal BF520.1,13,13,100.0,False,Other
MEL-2129,46,46,100.0,False,Other
N6LS.C47,208,208,100.0,False,Other
N6LS.C35,208,208,100.0,False,Other
N6LS.C30,208,208,100.0,False,Other
N6LS.C15,208,208,100.0,False,Other
N6LS.C1,208,208,100.0,False,Other
N60P31.1,73,73,100.0,False,Other
N60P25.1,72,72,100.0,False,Other
N60P22,73,73,100.0,False,Other
N60P2.1,73,73,100.0,False,Other
N60P1.1,73,73,100.0,False,Other
N6/PGDM1400-10E8v4,222,222,100.0,False,Other
N6/10E8v4-PGDM1400,208,208,100.0,False,Other
N6-LS-N72Q-R18D,208,208,100.0,False,Other
N6-LS,234,234,100.0,False,Other
N6+iMab,18,18,100.0,False,Other
N6,1526,1526,100.0,False,Other
NIH45-46,1529,1529,100.0,True,CD4bs
NC37,119,119,100.0,False,Other
NC-Cow9,23,23,100.0,False,Other
NC-Cow8,23,23,100.0,False,Other
NC-Cow7,23,23,100.0,False,Other
NC-Cow6,23,23,100.0,False,Other
NC-Cow5,23,23,100.0,False,Other
NC-Cow4,23,23,100.0,False,Other
NC-Cow3,23,23,100.0,False,Other
NC-Cow2,23,23,100.0,False,Other
NC-Cow10,23,23,100.0,False,Other
NC-Cow1,169,169,100.0,False,Other
N6_FR3-03,208,208,100.0,False,Other
N6LS.C58,208,208,100.0,False,Other
N6LS.C51,208,208,100.0,False,Other
N6LS.C49,208,208,100.0,False,Other
O.5,13,13,100.0,False,Other
O.4,13,13,100.0,False,Other
O.3,13,13,100.0,False,Other
NIH45-46WY,118,118,100.0,False,Other
NIH45-46WPY,118,118,100.0,False,Other
NIH45-46G54Y,82,82,100.0,False,Other
NIH45-46G54F,82,82,100.0,False,Other
VRC26.25 E100bV/Q100nE/K100sR,16,16,100.0,False,Other
VRC26.25 E100bV/K100sR/L:S95bD,16,16,100.0,False,Other
VRC26.25 E100bV/K100sR,16,16,100.0,False,Other
VRC26.25 E100bV,16,16,100.0,False,Other
VRC26.25 D99E/K100sR,16,16,100.0,False,Other
VRC26.25 D99E/E100bV/K100sR,16,16,100.0,False,Other
VRC26.25 D99E/E100bV,16,16,100.0,False,Other
VRC26.25 D99E,16,16,100.0,False,Other
VRC26.24,48,48,100.0,False,Other
VRC26.23,53,53,100.0,False,Other
VRC26.22,53,53,100.0,False,Other
VRC26.21,53,53,100.0,False,Other
VRC26.19,53,53,100.0,False,Other
VRC26.18,53,53,100.0,False,Other
VRC26.17,53,53,100.0,False,Other
VRC26.16,53,53,100.0,False,Other
VRC26.15,53,53,100.0,False,Other
VRC26.14,53,53,100.0,False,Other
VRC26.13,53,53,100.0,False,Other
VRC26.12,105,105,100.0,False,Other
VRC26.11,102,102,100.0,False,Other
VRC26.10,102,102,100.0,False,Other
VRC26.07,102,102,100.0,False,Other
VRC26.06,254,254,100.0,False,Other
VRC26.05,102,102,100.0,False,Other
VRC26.03,251,251,100.0,False,Other
VRC26.02,102,102,100.0,False,Other
VRC26.01,238,238,100.0,False,Other
VRC24,76,76,100.0,False,Other
VRC23b,25,25,100.0,False,Other
VRC23,432,432,100.0,False,Other
VRC22.01,236,236,100.0,False,Other
VRC21.02,28,28,100.0,False,Other
VRC21.01,28,28,100.0,False,Other
VRC18,175,175,100.0,False,Other
VRC16,496,496,100.0,False,Other
VRC13,752,752,100.0,False,Other
VRC08e,12,12,100.0,False,Other
VRC08d,12,12,100.0,False,Other
VRC08c,12,12,100.0,False,Other
VRC08H/UCAL,14,14,100.0,False,Other
VRC08,233,233,100.0,False,Other
VRC07xPG9-16,22,22,100.0,False,Other
VRC07f,12,12,100.0,False,Other
VRC07e,12,12,100.0,False,Other
VRC07d,12,12,100.0,False,Other
VRC07c,12,12,100.0,False,Other
VRC07b,12,12,100.0,False,Other
VRC07_FR3-03,208,208,100.0,False,Other
VRC07-544-LS,179,179,100.0,False,Other
VRC07-523LS.v34,208,208,100.0,False,Other
VRC07-523LS.v32,208,208,100.0,False,Other
VRC07-523LS.v14,208,208,100.0,False,Other
VRC07-523LS.v11,208,208,100.0,False,Other
VRC07-523LS.v1,208,208,100.0,False,Other
VRC07-523-W54-LS.v3,219,219,100.0,False,Other
VRC07-523-LS_FR3-03,208,208,100.0,False,Other
VRC07-523-LS-N72Q-R24D,208,208,100.0,False,Other
VRC07-523-LS,1693,1693,100.0,False,Other
VRC07-523-F54-LS.v3,208,208,100.0,False,Other
VRC07-508-LS,179,179,100.0,False,Other
VRC07-501-LS,179,179,100.0,False,Other
VRC06g,12,12,100.0,False,Other
VRC06f,12,12,100.0,False,Other
VRC06e,12,12,100.0,False,Other
VRC06d,12,12,100.0,False,Other
VRC06c,12,12,100.0,False,Other
VRC06b,483,483,100.0,False,Other
VRC06,620,620,100.0,False,Other
VRC03i,12,12,100.0,False,Other
VRC03h,12,12,100.0,False,Other
VRC03g,12,12,100.0,False,Other
VRC03f,12,12,100.0,False,Other
VRC03d,12,12,100.0,False,Other
VRC03b,12,12,100.0,False,Other
VRC03,1405,1405,100.0,True,CD4bs
VRC02,367,367,100.0,False,Other
VRC01i,12,12,100.0,False,Other
VRC01h,12,12,100.0,False,Other
VRC01g,12,12,100.0,False,Other
VRC01f,12,12,100.0,False,Other
VRC01e,12,12,100.0,False,Other
VRC01d,12,12,100.0,False,Other
VRC01c,12,12,100.0,False,Other
VRC01b,12,12,100.0,False,Other
VRC01_FR3-03,208,208,100.0,False,Other
VRC01H-DRVIA7L,37,37,100.0,False,Other
VRC01/PGDM1400-10E8v4,208,208,100.0,False,Other
VRC01.23LS,288,288,100.0,False,Other
VRC01-Y72F(LC),3,3,100.0,False,Other
PG9-iMab,163,163,100.0,False,Other
PG9+VRC07,125,125,100.0,False,Other
PG9+VRC01,20,20,100.0,False,Other
PG9+PGT151,20,20,100.0,False,Other
PG9+PGT128+VRC07,125,125,100.0,False,Other
PG9+PGT128,125,125,100.0,False,Other
PG16/PGT128,124,124,100.0,False,Other
PG16/PGT121,123,123,100.0,False,Other
PG16/10-1074,39,39,100.0,False,Other
PG16-iMab,149,149,100.0,False,Other
PGDM1400-LS,208,208,100.0,False,Other
PGDM1400+PGT121,305,305,100.0,False,Other
PGDM14,6,6,100.0,False,Other
PGDM13,9,9,100.0,False,Other
PGDM12,182,182,100.0,False,Other
PGDM11,113,113,100.0,False,Other
PGC14,162,162,100.0,False,Other
PG9_N100fY,33,33,100.0,False,Other
PG9_N100fL,33,33,100.0,False,Other
PG9_D100LN,33,33,100.0,False,Other
PG9_4MUT,16,16,100.0,False,Other
PG9RSH N(100f)Y,418,418,100.0,False,Other
PG9RSH DU025,209,209,100.0,False,Other
PG9RSH DU017,209,209,100.0,False,Other
PG9/aplaviroc,117,117,100.0,False,Other
VRC01-Y28S(LC),3,3,100.0,False,Other
VRC01-W68S(LC),3,3,100.0,False,Other
VRC01-P63K(HC),3,3,100.0,False,Other
VRC01-N73T(LC),3,3,100.0,False,Other
VRC01-LS,208,208,100.0,False,Other
VRC01-I21L(LC),3,3,100.0,False,Other
VRC01-E28T(HC),3,3,100.0,False,Other
VRC01-E16A(HC),3,3,100.0,False,Other
VRC01-8fH/6fL,21,21,100.0,False,Other
VRC01-8fH/19fL,21,21,100.0,False,Other
VRC01-8fH/10fL,21,21,100.0,False,Other
VRC01-5fH/6fL,21,21,100.0,False,Other
VRC01-5fH/10fL,21,21,100.0,False,Other
VRC01-5fH/0fL,21,21,100.0,False,Other
VRC01-30fH/19fL,21,21,100.0,False,Other
VRC01-30fH/10fL,21,21,100.0,False,Other
PGT122,164,164,100.0,False,Other
PGT121GM,26,26,100.0,False,Other
PGT121.414.LS,447,447,100.0,False,Other
PGT121-scFv,45,45,100.0,False,Other
PGT121+VRC01,20,20,100.0,False,Other
PGT121+PGT145,200,200,100.0,False,Other
PGDM31,6,6,100.0,False,Other
PGDM21,185,185,100.0,False,Other
PGDM1406,89,89,100.0,False,Other
PGDM1405,98,98,100.0,False,Other
PGDM1404,89,89,100.0,False,Other
PGDM1403,98,98,100.0,False,Other
PGDM1402,102,102,100.0,False,Other
PGDM1401,108,108,100.0,False,Other
PGDM1400/PRO-140,107,107,100.0,False,Other
PGT137,162,162,100.0,False,Other
PGT136,164,164,100.0,False,Other
PGT135-IgG3C-,119,119,100.0,False,Other
PGT131,162,162,100.0,False,Other
PGT130,707,707,100.0,False,Other
PGT128-LM52,15,15,100.0,False,Other
PGT128-IgG3C-,116,116,100.0,False,Other
PGT128+VRC07,125,125,100.0,False,Other
PGT128+VRC01,20,20,100.0,False,Other
PGT128,3340,3340,100.0,True,V3-glycan
PGT127,420,420,100.0,False,Other
PGT126,727,727,100.0,False,Other
PGT125,421,421,100.0,False,Other
PGT124,86,86,100.0,False,Other
PGT123,455,455,100.0,False,Other
PGT156,25,25,100.0,False,Other
PGT155,25,25,100.0,False,Other
PGT154,25,25,100.0,False,Other
PGT153,25,25,100.0,False,Other
PGT152,131,131,100.0,False,Other
PGT151/35O22,120,120,100.0,False,Other
PGT151/10-1074-IgG3C-,119,119,100.0,False,Other
PGT151-IgG3C-,119,119,100.0,False,Other
PGT145-scFv-Fc,9,9,100.0,False,Other
PGT145 DU303,209,209,100.0,False,Other
PGT144,162,162,100.0,False,Other
PGT143,611,611,100.0,False,Other
PGT142,397,397,100.0,False,Other
PGT141,196,196,100.0,False,Other
QA255.105,9,9,100.0,False,Other
QA255.087,9,9,100.0,False,Other
QA013.53,18,18,100.0,False,Other
QA013.4,19,19,100.0,False,Other
QA013.32,19,19,100.0,False,Other
QA013.3,19,19,100.0,False,Other
QA013.2,33,33,100.0,False,Other
QA013.19,19,19,100.0,False,Other
PRO140-10E8,15,15,100.0,False,Other
PRO-140/PGDM1400/PGT121,105,105,100.0,False,Other
PRO-140,121,121,100.0,False,Other
PGZL1.H4K3,130,130,100.0,False,Other
PGZL1,130,130,100.0,False,Other
PGT158,40,40,100.0,False,Other
PGT157,25,25,100.0,False,Other
S80,16,16,100.0,False,Other
S30,16,16,100.0,False,Other
S152,16,16,100.0,False,Other
S100,16,16,100.0,False,Other
RoAb13/PRO-140,106,106,100.0,False,Other
RoAb13/PGDM1400/PGT121,107,107,100.0,False,Other
RoAb13,106,106,100.0,False,Other
RHA10.04,129,129,100.0,False,Other
RHA10.01,129,129,100.0,False,Other
RHA1.V2.04,24,24,100.0,False,Other
RHA1.V2.03,24,24,100.0,False,Other
RHA1.V2.02,18,18,100.0,False,Other
RHA1.V2.01,232,232,100.0,False,Other
R27x3-IgG2a,234,234,100.0,False,Other
R27,25,25,100.0,False,Other
QA255.187,9,9,100.0,False,Other
T-02 MB,14,14,100.0,False,Other
T-01 MB.v2,143,143,100.0,False,Other
T-01 MB,143,143,100.0,False,Other
SF8,31,31,100.0,False,Other
SF7,31,31,100.0,False,Other
SF5,150,150,100.0,False,Other
SF3,31,31,100.0,False,Other
SF2,31,31,100.0,False,Other
SF12,200,200,100.0,False,Other
SF10,31,31,100.0,False,Other
S98,25,25,100.0,False,Other
S96,28,28,100.0,False,Other
VRC01-0fH/0fL,21,21,100.0,False,Other
VRC01 UCA,14,14,100.0,False,Other
VRC-PG20,403,403,100.0,False,Other
VRC-PG19,20,20,100.0,False,Other
VRC-PG05,644,644,100.0,False,Other
VRC-PG04b,178,178,100.0,False,Other
VRC-PG04,1877,1877,100.0,False,Other
VRC-CH34,20,20,100.0,False,Other
VRC-CH33,20,20,100.0,False,Other
VRC-CH32,20,20,100.0,False,Other
VRC-CH31,1100,1100,100.0,False,Other
VRC-CH30,35,35,100.0,False,Other
Tri-NAb,208,208,100.0,False,Other
vFP48.02,232,232,100.0,False,Other
sCD4,957,957,100.0,False,Other
10-1074-LS,240,240,100.0,False,Other
10-1074-IgG3C-,119,119,100.0,False,Other
10-1074+PG9,125,125,100.0,False,Other
10-1074+3BNC117+PG9,125,125,100.0,False,Other
10-1074+3BNC117,125,125,100.0,False,Other
10-1074+10E8+PG9,125,125,100.0,False,Other
10-1074+10E8+3BNC117+PG9,125,125,100.0,False,Other
10-1074+10E8+3BNC117,125,125,100.0,False,Other
10-1074+10E8,125,125,100.0,False,Other
10-1074,3020,3020,100.0,True,V3-glycan
1-79,79,79,100.0,False,Other
447-52D,1247,1246,99.91980753809142,False,Other
17b,773,772,99.87063389391979,False,Other
3074,764,763,99.86910994764398,False,Other
PGT121,5711,5703,99.85991945368588,True,V3-glycan
3BNC117,3301,3296,99.8485307482581,True,CD4bs
PGT151,1895,1892,99.84168865435356,False,Other
2G12,2579,2574,99.80612640558356,False,Other
NIH45-46G54W,508,507,99.80314960629921,False,Other
2F5,3180,3173,99.77987421383648,True,MPER
b12,3745,3735,99.73297730307075,True,CD4bs
HJ16,981,978,99.69418960244649,False,Other
VRC01,7919,7892,99.65904785957822,True,CD4bs
PGT135,1159,1154,99.5685936151855,False,Other
VRC07,1155,1150,99.56709956709956,False,Other
35O22,1086,1080,99.4475138121547,True,interface
BG24,172,171,99.4186046511628,False,Other
PG9,4966,4924,99.15424889246879,True,V2-glycan
10E8 IgG mutant 5,110,109,99.0909090909091,False,Other
VRC26.27,219,217,99.08675799086758,False,Other
iMab,217,215,99.07834101382488,False,Other
10E8 IgG mutant 2,108,107,99.07407407407408,False,Other
PG9-PG16-RSH,442,437,98.86877828054298,False,Other
2F5+2G12+b12,86,85,98.83720930232558,False,Other
PGDM1400,3439,3398,98.80779296307065,False,Other
PG16,2858,2807,98.21553533939819,True,V2-glycan
A12,304,298,98.02631578947368,False,Other
VRC26.25,1404,1370,97.57834757834758,False,Other
PGT145,2240,2182,97.41071428571429,True,V2-glycan
JM4,82,79,96.34146341463415,False,Other
PCIN71O,40,38,95.0,False,Other
PCIN71P,40,38,95.0,False,Other
PCDN-38A,136,129,94.8529411764706,False,Other
PCDN-38B,136,129,94.8529411764706,False,Other
CH58,18,17,94.44444444444444,False,Other
1B5,32,30,93.75,False,Other
PCDN-33A,136,127,93.38235294117646,False,Other
VRC26.04,118,110,93.22033898305085,False,Other
VRC26.08,1160,1071,92.32758620689656,False,Other
BG24-V57T-HC,13,12,92.3076923076923,False,Other
BG24-R53N-HC,13,12,92.3076923076923,False,Other
O.1,13,12,92.3076923076923,False,Other
BG24-G54S-HC,13,12,92.3076923076923,False,Other
HK20,141,130,92.19858156028369,False,Other
12A21,308,279,90.58441558441558,False,Other
A32,41,37,90.2439024390244,False,Other
PCIN71K,40,36,90.0,False,Other
VRC26.29,75,67,89.33333333333333,False,Other
PCIN71I1a,145,127,87.58620689655173,False,Other
PCIN71J2a,40,35,87.5,False,Other
PCIN71C,40,35,87.5,False,Other
1C2-rabbit+A10+E70,16,14,87.5,False,Other
1C2-rabbit,244,211,86.47540983606558,False,Other
JM3,22,19,86.36363636363636,False,Other
PCIN71G,145,125,86.20689655172414,False,Other
PCIN71M1a,40,34,85.0,False,Other
O.2,13,11,84.61538461538461,False,Other
MinVRC01,230,194,84.34782608695652,False,Other
PCIN71D2b,40,33,82.5,False,Other
PCIN71H,40,33,82.5,False,Other
VRC38.01,591,484,81.89509306260575,False,Other
VRC26.09,465,378,81.29032258064517,False,Other
PCIN71L,145,117,80.6896551724138,False,Other
JM2,20,16,80.0,False,Other
IOMA,602,481,79.90033222591362,False,Other
VRC34.01,1004,795,79.18326693227091,False,Other
VRC34.01_mm28,209,165,78.94736842105263,False,Other
VRC26.20,64,49,76.5625,False,Other
CH04,365,270,73.97260273972603,False,Other
PC39-50H,37,27,72.97297297297297,False,Other
PC39-50F,37,27,72.97297297297297,False,Other
PC39-50E,37,27,72.97297297297297,False,Other
4E9C,141,102,72.34042553191489,False,Other
PCT64-35M,353,254,71.95467422096317,False,Other
JM5,21,15,71.42857142857143,False,Other
916B2,142,101,71.12676056338029,False,Other
PC39-45A,37,26,70.27027027027027,False,Other
PC39-39C,37,26,70.27027027027027,False,Other
PC39-50D,37,26,70.27027027027027,False,Other
PC39-55B,37,26,70.27027027027027,False,Other
CH02,350,242,69.14285714285714,False,Other
Min12A21,224,153,68.30357142857143,False,Other
VRC34.01_Combo1,209,142,67.94258373205741,False,Other
PC39-50A,37,25,67.56756756756756,False,Other
PC39-23C,37,25,67.56756756756756,False,Other
PC39-39A,37,25,67.56756756756756,False,Other
PC39-50B,37,25,67.56756756756756,False,Other
CAP255.G3,12,8,66.66666666666667,False,Other
PCIN66B,145,96,66.20689655172414,False,Other
D5_AR,61,40,65.57377049180327,False,Other
PC39-55A,37,24,64.86486486486487,False,Other
PC39-28B,37,24,64.86486486486487,False,Other
PC39-50J,37,24,64.86486486486487,False,Other
3BC176,50,32,64.0,False,Other
7-176,24,15,62.5,False,Other
Ab1271,21,13,61.904761904761905,False,Other
PCIN77B1b,40,24,60.0,False,Other
PC39-50C,37,22,59.45945945945946,False,Other
PC39-28A,37,22,59.45945945945946,False,Other
PC39-17C,37,22,59.45945945945946,False,Other
IOMAmin3,137,80,58.394160583941606,False,Other
IOMAexFACEmin,137,80,58.394160583941606,False,Other
IOMAmin5,137,80,58.394160583941606,False,Other
HERH-c.01,209,121,57.89473684210526,False,Other
PCIN77C,40,23,57.5,False,Other
PC39-23B,37,21,56.75675675675676,False,Other
2G12-dimer,39,22,56.41025641025641,False,Other
DJ85-a.01,209,117,55.98086124401914,False,Other
10A37,22,12,54.54545454545455,False,Other
TRNM-b.01,209,114,54.54545454545455,False,Other
7-155,24,13,54.166666666666664,False,Other
7-107,24,13,54.166666666666664,False,Other
PC39-23D,143,75,52.44755244755245,False,Other
PC39-39D,37,19,51.351351351351354,False,Other
PC39-17B,37,19,51.351351351351354,False,Other
3BC315,239,122,51.04602510460251,False,Other
CAP255.C5,12,6,50.0,False,Other
PC39-50G,143,70,48.95104895104895,False,Other
PC39-45B,37,18,48.648648648648646,False,Other
PC39-50I,143,69,48.25174825174825,False,Other
PC39-55D,143,68,47.55244755244755,False,Other
PC39-23A,143,67,46.85314685314685,False,Other
PC39-55C,143,67,46.85314685314685,False,Other
BG24-CDRH2-GL-3mut,13,6,46.15384615384615,False,Other
IOMA-HC-DDE,134,61,45.52238805970149,False,Other
2G12-monomer,39,17,43.58974358974359,False,Other
GPZ6-a.01,209,91,43.54066985645933,False,Other
PC39-28C,143,62,43.35664335664335,False,Other
PC39-39B,143,62,43.35664335664335,False,Other
PC39-28D,37,16,43.24324324324324,False,Other
Ab1289,21,9,42.857142857142854,False,Other
DFPH-a.15,214,90,42.05607476635514,False,Other
PC39-17A,143,60,41.95804195804196,False,Other
PC39-50L,143,59,41.25874125874126,False,Other
DF1W-a.01,284,115,40.49295774647887,False,Other
HERH-a.01,209,82,39.23444976076555,False,Other
PC39-50K,143,55,38.46153846153846,False,Other
vFP16.02 L-S48K,208,77,37.01923076923077,False,Other
TRNM-a.01,50,18,36.0,False,Other
0.5gamma,48,17,35.416666666666664,False,Other
vFP16.02,450,158,35.111111111111114,False,Other
GPZ6-b.01,209,70,33.49282296650718,False,Other
Ab1415,21,7,33.333333333333336,False,Other
Ab1303,21,7,33.333333333333336,False,Other
PCT64-35D,145,48,33.10344827586207,False,Other
PC39-61B,145,48,33.10344827586207,False,Other
TRNM-c.01,50,16,32.0,False,Other
PCT64-35B,145,46,31.724137931034484,False,Other
PCT64-35G,145,46,31.724137931034484,False,Other
polyclonal IDC561,38,12,31.57894736842105,False,Other
1D9,48,15,31.25,False,Other
vFP20.01,218,67,30.73394495412844,False,Other
vFP53.02,232,71,30.603448275862068,False,Other
PCT64-35S,146,44,30.136986301369863,False,Other
PC39-28E,143,43,30.06993006993007,False,Other
TRNM-d.01,50,15,30.0,False,Other
PCDN-27B,37,11,29.72972972972973,False,Other
PC39-61A,145,42,28.96551724137931,False,Other
DJ85-b.01,50,14,28.0,False,Other
1357,22,6,27.272727272727273,False,Other
PCDN-27D,37,10,27.027027027027028,False,Other
PCT64-24E,145,39,26.896551724137932,False,Other
PCT64-18D,146,39,26.71232876712329,False,Other
PCT64-24F,143,38,26.573426573426573,False,Other
vFP49.02,232,60,25.862068965517242,False,Other
PCT64-35O,145,37,25.517241379310345,False,Other
vFP16.02 L-F60P,208,52,25.0,False,Other
PCT64-35C,37,9,24.324324324324323,False,Other
TRNM-e.01,50,12,24.0,False,Other
Ab1457,21,5,23.80952380952381,False,Other
polyclonal Patient 8,21,5,23.80952380952381,False,Other
Ab1461,21,5,23.80952380952381,False,Other
Ab1456,21,5,23.80952380952381,False,Other
vFP52.02,232,55,23.70689655172414,False,Other
697-D,47,11,23.404255319148938,False,Other
0PV-c.01,209,48,22.966507177033492,False,Other
717G2,48,11,22.916666666666668,False,Other
KD-247,48,11,22.916666666666668,False,Other
49G2,48,11,22.916666666666668,False,Other
PCIN77D,145,32,22.06896551724138,False,Other
TRNM-f.01,50,11,22.0,False,Other
polyclonal Patient 3,41,9,21.951219512195124,False,Other
PCT64-35E,37,8,21.62162162162162,False,Other
PCT64-18F,37,8,21.62162162162162,False,Other
PCT64-24G,37,8,21.62162162162162,False,Other
5G2,48,10,20.833333333333332,False,Other
polyclonal pt7 IgG,24,5,20.833333333333332,False,Other
polyclonal NIH45,139,28,20.14388489208633,False,Other
HERH-b.01,50,10,20.0,False,Other
2158,42,8,19.047619047619047,False,Other
Ab1573,21,4,19.047619047619047,False,Other
PCDN-22B,37,7,18.91891891891892,False,Other
PCT64-24A,37,7,18.91891891891892,False,Other
PCT64-35H,37,7,18.91891891891892,False,Other
PCT64-35F,37,7,18.91891891891892,False,Other
1393A,43,8,18.6046511627907,False,Other
0PV-a.01,209,37,17.70334928229665,False,Other
HmAb64,232,40,17.24137931034483,False,Other
917B11,48,8,16.666666666666668,False,Other
polyclonal pt7 IgA,24,4,16.666666666666668,False,Other
polyclonal R1,18,3,16.666666666666668,False,Other
polyclonal Patient 12,6,1,16.666666666666668,False,Other
PCT64-35N,37,6,16.216216216216218,False,Other
PCT64-35K,37,6,16.216216216216218,False,Other
PCT64-24H,37,6,16.216216216216218,False,Other
PCT64-24B,37,6,16.216216216216218,False,Other
polyclonal EB179,14,2,14.285714285714286,False,Other
Ab1368,21,3,14.285714285714286,False,Other
polyclonal Patient 1,21,3,14.285714285714286,False,Other
0PV-b.01,209,29,13.875598086124402,False,Other
PCT64-18B,37,5,13.513513513513514,False,Other
DJ85-c.01,50,6,12.0,False,Other
vFP1.01,218,26,11.926605504587156,False,Other
PGZL1_gVmDmJ,130,15,11.538461538461538,False,Other
PCDN-27C,37,4,10.81081081081081,False,Other
PCDN-22A,37,4,10.81081081081081,False,Other
D5,19,2,10.526315789473685,False,Other
16G6,48,5,10.416666666666666,False,Other
DJ85-e.01,50,5,10.0,False,Other
polyclonal EN02,20,2,10.0,False,Other
0PV-d.01,20,2,10.0,False,Other
vFP7.04,208,20,9.615384615384615,False,Other
polyclonal 391370,21,2,9.523809523809524,False,Other
2C09,24,2,8.333333333333334,False,Other
2C06,24,2,8.333333333333334,False,Other
vFP7.05,208,17,8.173076923076923,False,Other
PCDN-16B,37,3,8.108108108108109,False,Other
PCIN71F,40,3,7.5,False,Other
polyclonal Donor 27845,31,2,6.451612903225806,False,Other
DJ85-d.01,50,3,6.0,False,Other
PCT64-18C,37,2,5.405405405405405,False,Other
PCT64-35I,37,2,5.405405405405405,False,Other
A12V163-a.01,208,7,3.3653846153846154,False,Other
PCDN-16A,37,1,2.7027027027027026,False,Other
PCIN71B,40,1,2.5,False,Other
A12V163-a.02,208,3,1.4423076923076923,False,Other
vFP5.01,208,2,0.9615384615384616,False,Other
PCDN-27A,37,0,0.0,False,Other
PCIN71N1a,40,0,0.0,False,Other
PCDN-22C,37,0,0.0,False,Other
A12V163-b.01,208,0,0.0,False,Other
